﻿<?xml version="1.0" encoding="utf-8" ?>
<Defs>


  <IncidentDef>
    <defName>Eclipse</defName>
    <label>eclipse</label>
    <targetType>BaseMap</targetType>
    <WorkerClass>IncidentWorker_MakeMapCondition</WorkerClass>
    <mapCondition>Eclipse</mapCondition>
    <letterLabel>Eclipse</letterLabel>
    <letterText>One of the moons of this planet has orbited in front of the sun. An eclipse has begun.</letterText>
    <letterType>BadNonUrgent</letterType>
    <baseChance>3</baseChance>
    <minRefireDays>15</minRefireDays>
    <durationDays>
      <min>0.75</min>
      <max>1.25</max>
    </durationDays>
  </IncidentDef>

  <IncidentDef>
    <defName>SolarFlare</defName>
    <label>solar flare</label>
    <targetType>BaseMap</targetType>
    <workerClass>IncidentWorker_MakeMapCondition</workerClass>
    <mapCondition>SolarFlare</mapCondition>
    <letterLabel>Solar flare</letterLabel>
    <letterText>A solar flare has begun.\n\nThe intense radiation will shut down all electrical devices.\n\nIt should pass in about a day.</letterText>
    <letterType>BadNonUrgent</letterType>
    <baseChance>1.5</baseChance>
    <minRefireDays>15</minRefireDays>
    <durationDays>
      <min>0.15</min>
      <max>0.5</max>
    </durationDays>
  </IncidentDef>
  
  <IncidentDef>
    <defName>PsychicDrone</defName>
    <label>psychic drone</label>
    <targetType>BaseMap</targetType>
    <workerClass>IncidentWorker_PsychicDrone</workerClass>
    <mapCondition>PsychicDrone</mapCondition>
    <baseChance>1.0</baseChance>
    <minRefireDays>15</minRefireDays>
    <durationDays>
      <min>0.75</min>
      <max>1.75</max>
    </durationDays>
  </IncidentDef>

  <IncidentDef>
    <defName>ToxicFallout</defName>
    <label>toxic fallout</label>
    <targetType>BaseMap</targetType>
    <workerClass>IncidentWorker_MakeMapCondition</workerClass>
    <mapCondition>ToxicFallout</mapCondition>
    <letterLabel>Toxic fallout</letterLabel>
    <letterText>A distant chemical fire has released a plume of poison over this entire region.\n\nAny person or creature not under a roof will be slowly sickened by the toxic dust settling out of the atmosphere.\n\nIt will last for anywhere between a few days to over a month.</letterText>
    <letterType>BadNonUrgent</letterType>
    <baseChance>0.15</baseChance>
    <earliestDay>20</earliestDay>
    <minRefireDays>90</minRefireDays>
    <minDifficulty>2</minDifficulty>
    <durationDays>
      <min>2.5</min>
      <max>10.5</max>
    </durationDays>
  </IncidentDef>

  <IncidentDef>
    <defName>VolcanicWinter</defName>
    <label>volcanic winter</label>
    <targetType>BaseMap</targetType>
    <workerClass>IncidentWorker_MakeMapCondition</workerClass>
    <mapCondition>VolcanicWinter</mapCondition>
    <letterLabel>Volcanic winter</letterLabel>
    <letterText>A distant supervolcano has erupted and begun spewing millions of cubic kilometers of ash into the atmosphere.\n\nAsh in the atmosphere will obscure the sun. Temperatures will drop and plants will suffer for lack of sunlight. It could pass in a few weeks, or it might last many months.</letterText>
    <letterType>BadNonUrgent</letterType>
    <baseChance>0.08</baseChance>
    <earliestDay>30</earliestDay>
    <minRefireDays>140</minRefireDays>
    <minDifficulty>2</minDifficulty>
    <durationDays>
      <min>7.5</min>
      <max>40</max>
    </durationDays>
  </IncidentDef>

  <IncidentDef>
    <defName>HeatWave</defName>
    <label>heat wave</label>
    <targetType>BaseMap</targetType>
    <workerClass>IncidentWorker_HeatWave</workerClass>
    <mapCondition>HeatWave</mapCondition>
    <letterLabel>Heat wave</letterLabel>
    <letterText>An unusual heat wave has begun. Watch out for heat stroke.</letterText>
    <letterType>BadNonUrgent</letterType>
    <baseChance>3</baseChance>
    <minRefireDays>15</minRefireDays>
    <durationDays>
      <min>1.5</min>
      <max>3.5</max>
    </durationDays>
  </IncidentDef>

  <IncidentDef>
    <defName>ColdSnap</defName>
    <label>cold snap</label>
    <targetType>BaseMap</targetType>
    <workerClass>IncidentWorker_ColdSnap</workerClass>
    <mapCondition>ColdSnap</mapCondition>
    <letterLabel>Cold snap</letterLabel>
    <letterText>An unusual cold snap has set in. Watch out for hypothermia and dying crops.</letterText>
    <letterType>BadNonUrgent</letterType>
    <baseChance>3</baseChance>
    <minRefireDays>15</minRefireDays>
    <durationDays>
      <min>1.5</min>
      <max>3.5</max>
    </durationDays>
  </IncidentDef>
  
  <IncidentDef>
    <defName>Flashstorm</defName>
    <label>flashstorm</label>
    <targetType>BaseMap</targetType>
    <workerClass>IncidentWorker_Flashstorm</workerClass>
    <letterLabel>Flashstorm</letterLabel>
    <letterText>Extreme amounts of lightning are hitting a small region. This can cause massive fires.</letterText>
    <letterType>BadNonUrgent</letterType>
    <baseChance>0.3</baseChance>
    <minRefireDays>15</minRefireDays>
    <minDifficulty>2</minDifficulty>
    <durationDays>
      <min>0.075</min>
      <max>0.1</max>
    </durationDays>
  </IncidentDef>

  <IncidentDef>
    <defName>ShortCircuit</defName>
    <label>short circuit</label>
    <targetType>BaseMap</targetType>
    <workerClass>IncidentWorker_ShortCircuit</workerClass>
    <baseChance>1.2</baseChance>
    <minRefireDays>8</minRefireDays>
  </IncidentDef>
  
  <IncidentDef>
    <defName>CropBlight</defName>
    <label>crop blight</label>
    <targetType>BaseMap</targetType>
    <workerClass>IncidentWorker_CropBlight</workerClass>
    <baseChance>0.4</baseChance>
    <minRefireDays>35</minRefireDays>
  </IncidentDef>

  <IncidentDef>
    <defName>Alphabeavers</defName>
    <label>alphabeavers</label>
    <targetType>BaseMap</targetType>
    <workerClass>IncidentWorker_Alphabeavers</workerClass>
    <baseChance>1.0</baseChance>
    <minRefireDays>8</minRefireDays>
    <allowedBiomes>
      <li>BorealForest</li>
      <li>TemperateForest</li>
      <li>TropicalRainforest</li>
    </allowedBiomes>
  </IncidentDef>


</Defs>