﻿<?xml version="1.0" encoding="utf-8" ?>
<IncidentDefs>

  <IncidentDef Name="DiseaseIncident" Abstract="True">
    <workerClass>IncidentWorker_Disease</workerClass>
    <category>Disease</category>
    <targetType>BaseMap</targetType>
  </IncidentDef>
  
  <IncidentDef ParentName="DiseaseIncident">
    <defName>Disease_Flu</defName>
    <label>flu</label>
	  <diseaseIncident>Flu</diseaseIncident>
    <diseaseVictimFractionRange>
      <min>0.2</min>
      <max>0.5</max>
    </diseaseVictimFractionRange>
  </IncidentDef>

  <IncidentDef ParentName="DiseaseIncident">
    <defName>Disease_Plague</defName>
    <label>plague</label>
	  <diseaseIncident>Plague</diseaseIncident>
    <diseaseVictimFractionRange>
      <min>0.2</min>
      <max>0.5</max>
    </diseaseVictimFractionRange>
  </IncidentDef>
  
  <IncidentDef ParentName="DiseaseIncident">
    <defName>Disease_Malaria</defName>
    <label>malaria</label>
	  <diseaseIncident>Malaria</diseaseIncident>
    <diseaseVictimFractionRange>
      <min>0.2</min>
      <max>0.5</max>
    </diseaseVictimFractionRange>
  </IncidentDef>
  
  <IncidentDef ParentName="DiseaseIncident">
    <defName>Disease_SleepingSickness</defName>
    <label>sleeping sickness</label>
	  <diseaseIncident>SleepingSickness</diseaseIncident>
    <diseaseVictimFractionRange>
      <min>0.2</min>
      <max>0.5</max>
    </diseaseVictimFractionRange>
  </IncidentDef>
  
  <IncidentDef ParentName="DiseaseIncident">
    <defName>Disease_FibrousMechanites</defName>
    <label>fibrous mechanites</label>
    <diseaseIncident>FibrousMechanites</diseaseIncident>
    <diseaseVictimFractionRange>
      <min>0.2</min>
      <max>0.5</max>
    </diseaseVictimFractionRange>
  </IncidentDef>
  
  <IncidentDef ParentName="DiseaseIncident">
    <defName>Disease_SensoryMechanites</defName>
    <label>sensory mechanites</label>
    <diseaseIncident>SensoryMechanites</diseaseIncident>
    <diseaseVictimFractionRange>
      <min>0.2</min>
      <max>0.5</max>
    </diseaseVictimFractionRange>
  </IncidentDef>

  <IncidentDef ParentName="DiseaseIncident">
    <defName>Disease_GutWorms</defName>
    <label>gut worms</label>
    <diseaseIncident>GutWorms</diseaseIncident>
    <diseaseVictimFractionRange>
      <min>0.2</min>
      <max>0.5</max>
    </diseaseVictimFractionRange>
    <diseasePartsToAffect>
      <li>Stomach</li>
    </diseasePartsToAffect>
  </IncidentDef>
  
  <IncidentDef ParentName="DiseaseIncident">
    <defName>Disease_MuscleParasites</defName>
    <label>muscle parasites</label>
    <diseaseIncident>MuscleParasites</diseaseIncident>
    <diseaseVictimFractionRange>
      <min>0.2</min>
      <max>0.5</max>
    </diseaseVictimFractionRange>
  </IncidentDef>

</IncidentDefs>